{"cameraMode":{"drawMode":0,"name":"Shaded","section":"Shading Mode"},"sceneLighting":true,"audioPlay":false,"sceneViewState":{"showFog":true,"showMaterialUpdate":false,"showSkybox":true,"showFlares":true,"showImageEffects":true,"showParticleSystems":true},"in2DMode":false,"pivot":{"x":0.7760238647460938,"y":6.831506729125977,"z":-4.909690856933594},"rotation":{"x":-0.07023642212152481,"y":0.9287109375,"z":-0.23349156975746156,"w":-0.2793649137020111},"size":98.27827453613281,"orthographic":false}